-- MySQL dump 10.13  Distrib 8.0.32, for Win64 (x86_64)
--
-- Host: 127.0.0.1    Database: chat_app
-- ------------------------------------------------------
-- Server version	8.0.30

/*!40101 SET @OLD_CHARACTER_SET_CLIENT=@@CHARACTER_SET_CLIENT */;
/*!40101 SET @OLD_CHARACTER_SET_RESULTS=@@CHARACTER_SET_RESULTS */;
/*!40101 SET @OLD_COLLATION_CONNECTION=@@COLLATION_CONNECTION */;
/*!50503 SET NAMES utf8 */;
/*!40103 SET @OLD_TIME_ZONE=@@TIME_ZONE */;
/*!40103 SET TIME_ZONE='+00:00' */;
/*!40014 SET @OLD_UNIQUE_CHECKS=@@UNIQUE_CHECKS, UNIQUE_CHECKS=0 */;
/*!40014 SET @OLD_FOREIGN_KEY_CHECKS=@@FOREIGN_KEY_CHECKS, FOREIGN_KEY_CHECKS=0 */;
/*!40101 SET @OLD_SQL_MODE=@@SQL_MODE, SQL_MODE='NO_AUTO_VALUE_ON_ZERO' */;
/*!40111 SET @OLD_SQL_NOTES=@@SQL_NOTES, SQL_NOTES=0 */;

--
-- Table structure for table `login_details`
--

DROP TABLE IF EXISTS `login_details`;
/*!40101 SET @saved_cs_client     = @@character_set_client */;
/*!50503 SET character_set_client = utf8mb4 */;
CREATE TABLE `login_details` (
  `id` int NOT NULL AUTO_INCREMENT,
  `email` varchar(255) NOT NULL,
  `token` varchar(255) NOT NULL,
  `ip` varchar(255) NOT NULL,
  `created_at` timestamp NOT NULL DEFAULT CURRENT_TIMESTAMP,
  PRIMARY KEY (`id`)
) ENGINE=InnoDB AUTO_INCREMENT=396 DEFAULT CHARSET=utf8mb4 COLLATE=utf8mb4_0900_ai_ci;
/*!40101 SET character_set_client = @saved_cs_client */;

--
-- Dumping data for table `login_details`
--

LOCK TABLES `login_details` WRITE;
/*!40000 ALTER TABLE `login_details` DISABLE KEYS */;
INSERT INTO `login_details` VALUES (1,'alfa@mail.com','u1oVzYis7Qbl8+0DOw0T2qKAFwk9N0LNtx2Kai+Umj8=','::1','2023-08-26 10:17:30'),(2,'alfa@mail.com','JkCnT0KSkf9UDXH8Mg0F+9VmE9FeDApfroJYM7Capyc=','::1','2023-08-26 10:18:56'),(3,'alfa@mail.com','WxUo8OCEHLnb2RQj+hUhkLp4xp/LOtWovlhBgoFL2Tk=','::1','2023-08-26 10:20:24'),(4,'alfa@mail.com','GUnEN6Ma0ZuTcZwOqaIs4r2QeTFe9VWY9ltE8jjbqXc=','::1','2023-08-26 10:23:31'),(5,'alfa@mail.com','7I5hAQwQFC1cCr4QbAi8zXfMBWH1NbNLeNy3YykQYRw=','::1','2023-08-26 10:23:49'),(6,'alfa@mail.com','o/PtKr6Pmq9nOToOT1RygKemW75iN+1X6GABxgIB4Zs=','::1','2023-08-26 13:04:36'),(7,'alfa@mail.com','XIUBqUj5FKNZuIoR6mWb8HsUZaPwjTRlJ8OZIwWHygM=','::1','2023-08-26 13:04:58'),(8,'foxtrot@mail.com','uRNtnXgzLBPokiMeJvcsrH8QKhRMOgpfQ1gjLHiphfo=','::1','2023-08-27 05:58:36'),(9,'alfa@mail.com','zGk779mjQdcq9obcYHKCRTu1Dh8yBdNunb0npL3ikAs=','::1','2023-08-27 06:14:25'),(10,'alfa@mail.com','Dc/8y1zG+FBSZxtClA9QVVABcMj0Css3dB58A0xKjT0=','::1','2023-08-27 06:14:45'),(11,'alfa@mail.com','e9dikajGLRwCMp+yJpPTvvVihyG4elz0+RmDJvyHmlg=','::1','2023-08-27 06:20:18'),(12,'alfa@mail.com','sOrlvFnK1GyOD8S70GL/9E/gm5NBkFQrXNMdoIYUZ/4=','::1','2023-08-27 06:20:39'),(13,'alfa@mail.com','MsiKAIoRWxTUhX6SiSxrMplBR4mvBbttpaBVDw0utgg=','::1','2023-08-27 06:21:22'),(14,'alfa@mail.com','XZVXU0b1ROIqvotWEx8+qvdglwKWQ5sSPztYHRxUYiY=','::1','2023-08-27 06:22:12'),(15,'alfa@mail.com','Ghgbc9lT2Phx6IjkjFOsqWso1MArBHv86q64QgyV0aU=','::1','2023-08-27 06:22:38'),(16,'alfa@mail.com','2b56I9fnv0vuCNsUl3aajaqy3V7q5jDWQ6sfJnRQ0fQ=','::1','2023-08-27 06:22:52'),(17,'alfa@mail.com','RiGB5gIhAiDCWLJJCHez5r697FINbLZHXd4cE3BzFXw=','::1','2023-08-27 06:23:41'),(18,'alfa@mail.com','BywNBde07l18wihvHFoucmv55er98+XVnTaQcvTXQ5c=','::1','2023-08-27 06:24:08'),(19,'alfa@mail.com','4xd0KAb/XQD+NgOCpBAtwQ9HMV3zFAdLJ1HoqddjK14=','::1','2023-08-27 06:24:25'),(20,'alfa@mail.com','Ow1dT6Dml/mYjQT1n5m12Nx8yYq/Q++HafeDWaStpM8=','::1','2023-08-27 06:35:17'),(21,'alfa@mail.com','ZFBt+N2ytpOnci6L8e50cwauejjy5maBWAVQKwyEZyc=','::ffff:127.0.0.1','2023-08-27 06:38:27'),(22,'alfa@mail.com','X62KyzR1IyrWLd1LQV+lxu5OujsNbhc5En8z9Sx65dw=','::1','2023-08-27 06:38:40'),(23,'alfa@mail.com','ZALdnUz6ZbVl/arMKl5ncGkpL+62yk8NjRNgOPO6boI=','::1','2023-08-27 06:40:32'),(24,'alfa@mail.com','t7VfW+WyvMTKzgHLGfIvWnhvGZcNMzo026FxKAewMMU=','::1','2023-08-27 06:46:14'),(25,'alfa@mail.com','WRdkr0Nz1uZe8ClMRYPG5/XHqCKstHJcyUEL55pPTAg=','::1','2023-08-27 06:46:40'),(26,'alfa@mail.com','xqPY8PFAWz5KkO/KyWXxrvRkbHUNKjRyGKpHH/D1MwA=','::1','2023-08-27 06:47:25'),(27,'alfa@mail.com','WpqXXUNrVTDvMwX58Fu81xfM+3AMIZqXElY5tfkHT6Q=','::1','2023-08-27 07:21:48'),(28,'alfa@mail.com','HBBG9STxjHeaZPPbqVt0VjxklvG3Pmni/5AUG0NOIeU=','::1','2023-08-27 07:22:00'),(29,'alfa@mail.com','lXof6WWjgV//RvTh1nJX9AjYvFsXii/AhQYEXiUq3D8=','::1','2023-08-27 09:42:00'),(30,'foxtrot@mail.com','A9K2lMqL09AOZ7zFgtHr8u1w6sLB09hQIq7/PFBG1WE=','::1','2023-08-27 09:44:12'),(31,'foxtrot@mail.com','mLQsm4qzfwfl4DKATc+Jm2ZUmzUp6K0qhzvkBLovuvQ=','::1','2023-08-27 09:46:18'),(32,'foxtrot@mail.com','JkzTtAl+O/3IABrMcmZwrC3n51mna4RiODtreqrae3w=','::1','2023-08-27 09:46:58'),(33,'foxtrot@mail.com','JBbTh7sA5ll+Lk8GulJZz7/FEJuRREdkeXZgA2EpFKM=','::1','2023-08-27 09:48:24'),(34,'foxtrot@mail.com','UaeZgZ1rRBvfR0zl1BGvi8DHXpBIJwzsLfcoWcuW0ck=','::1','2023-08-27 09:50:28'),(35,'foxtrot@mail.com','uD1fvD1+1RV0Pr+ORDXpLIRDm8GlqhGSlqG8sr48EhQ=','::1','2023-08-27 10:05:35'),(36,'alfa@mail.com','JDxLqXH6EFWV50Cxbfqyds25mSem972q5Z3NG9HWUBY=','::1','2023-08-27 10:05:42'),(37,'bravo@mail.com','tqNansbmIdNVy61xDkXleUTDzTsk0qqxiACiOvI/nqY=','::1','2023-08-27 10:05:55'),(38,'alfa@mail.com','jdA0dJzSaw33lBzbswh6YeoEfHnPRmbkqh3uH6LLBMk=','::1','2023-08-27 10:22:03'),(39,'charlie@mail.com','filsr0hQrZpqWxwjE4ndQr7mOE0r5KPkshDonA+njCI=','::1','2023-08-27 10:32:28'),(40,'charlie@mail.com','/mG7sWD4jYMAMSKK4mcKSRyxox3t30GNAPJ2YBOmm3E=','::1','2023-08-27 10:33:19'),(41,'alfa@mail.com','+09IuD+i+dj7co2drjdS8BsCgVSTc5KSmvwZI4a7F+w=','::1','2023-08-27 10:38:28'),(42,'alfa@mail.com','s2i5olPuWMxL1L+BwXR9esOEtubdLyCRNzZFO7lWgX0=','::1','2023-08-27 10:39:56'),(43,'alfa@mail.com','8H4iu6A/nGfFbBw1IZjaiwbjtVX391Ke4u5tGGscwRw=','::1','2023-08-27 10:43:49'),(44,'dehozodyr@mail.com','BVNQubxFyacpC+RA0W7dvSqVkFoFFyxwPDe/pamZ/WE=','::1','2023-08-27 11:39:16'),(45,'alfa@mail.com','jTLh/5H0YrQ+qL4liUn/KgW7ZuORLlpOtYPVgOUWcco=','::1','2023-08-27 11:44:50'),(46,'alfa@mail.com','AJps2b3s32B3rtrd/Q88JA2UnA+WKT/i7SxZX4UsRqA=','::1','2023-09-02 12:52:16'),(47,'alfa@mail.com','PYYXv5mSDgX3m9mU4EV15yUTQKsScpftnmMN2ljjuyc=','::1','2023-09-02 13:00:24'),(48,'alfa@mail.com','OLDQlJfPFsMR0xhvFPmlhC2mw2RUd5IOH0wrXoCIZKg=','::1','2023-09-02 13:30:23'),(49,'alfa@mail.com','tchuE45ujM61Tci4cpogwjXO/QphRf4zdKIKNRKsRmE=','::1','2023-09-02 13:41:35'),(50,'alfa@mail.com','I4/kUNh4LJsSe5rTPOfxr6ggu8L6cN96yOMHQFTUIW8=','::1','2023-09-02 13:52:53'),(51,'alfa@mail.com','dCzeVcslgUsjBE6eDE2dKFI/njWZ+S+cIQfOLvCQw2s=','::1','2023-09-02 13:54:00'),(52,'alfa@mail.com','m3FL8VjY27hFdc6XuTf4iJAwaV2pDPv5Q2ck1tK5fOQ=','::1','2023-09-02 14:01:59'),(53,'alfa@mail.com','9Ftg1z0yG1nmpooMtIbGuNI8W3xv7qsNXSWt+B9zba4=','::1','2023-09-02 14:04:59'),(54,'alfa@mail.com','KoYYFDZVKxlH2zNtjhjlOGwH8zXq8xr+o7VKmpNXFRY=','::ffff:127.0.0.1','2023-09-02 14:05:36'),(55,'alfa@mail.com','43CC+biN480M+qtkAXcRp4omtTeEW/R74GJq9Aj5Oqk=','::1','2023-09-02 14:05:52'),(56,'alfa@mail.com','Gq+9ea5hERDHsHw/9oJGtCEC2LFHzRyPPl/EiTsLUOw=','::1','2023-09-02 14:32:33'),(57,'alfa@mail.com','/CAcSqnzh4txNyfnXECHnPbd8RtB6rr5IEdS84q+An0=','::1','2023-09-02 14:34:40'),(58,'alfa@mail.com','WjG1jazZnfVpYB3P0mOfiq0ulsCkanY4iw1xtPU8Dq4=','::1','2023-09-02 14:35:00'),(59,'alfa@mail.com','fHYxHeDWxq/eCnTdw6yxTJ/Bu0A6+gI6di+8EKsDvcc=','::1','2023-09-02 14:36:20'),(60,'alfa@mail.com','ZUZzOBtp9HgnJ5gXByAc56YD6X7su9nPpEgq4yWEsEU=','::1','2023-09-02 14:37:55'),(61,'alfa@mail.com','2AMpIq/1tNhfcXTQkNXiUIlCWO5pvIrnxU9ugPo2L4g=','::1','2023-09-02 14:39:31'),(62,'alfa@mail.com','j/t4Sn0U4jCaFpMeEmU7K9gSRNs9BR1D/nopiaNjHcY=','::1','2023-09-02 14:40:03'),(63,'alfa@mail.com','cF0vFkkGnuh9U3yQQjWATC7l/2nub4POg3fLPJuNiMc=','::1','2023-09-02 14:40:46'),(64,'alfa@mail.com','A22o84FPJl5NkSLe0d9k4zc1/IdIhUULF9Et49y3Qqo=','::1','2023-09-02 14:41:12'),(65,'alfa@mail.com','4jGtRyNSUkJXPgwzSG+xad7o/Bn1Q7qkQHBIGEDHr4I=','::1','2023-09-02 14:43:03'),(66,'alfa@mail.com','Pb5NXZC+NPo2YMUeQZWovVMAhP3Hz5K9ESRY+R8J0iE=','::1','2023-09-02 14:44:16'),(67,'alfa@mail.com','+wCg84NfWWrDuHDTh3KTJj3akJf26faKrJTnmEqw4/c=','::1','2023-09-02 14:46:23'),(68,'alfa@mail.com','vKCi3T7h1ic7tSJ9n0G3z8Tk1JCCf16Ewb7bFexhBmM=','::1','2023-09-02 14:49:10'),(69,'alfa@mail.com','vr5w/Rq78CvTB6mLXVlKBRWHeJTaiWcv/IplHoPKNQw=','::1','2023-09-02 14:50:25'),(70,'alfa@mail.com','cLU1b8E79KCEFRTnI0C+4xQI1IDyzzSNiXjdds0CFn4=','::1','2023-09-02 14:52:03'),(71,'alfa@mail.com','jYcZl0Sknb0gtVjBczx9M1hHkWBOpzbHkNLOBsRBbjM=','::1','2023-09-02 14:55:23'),(72,'alfa@mail.com','pNM0dlg37WOcNEA9rlKQBgYyZOh9DzJFtVE2qnrQ95Q=','::1','2023-09-02 14:55:52'),(73,'alfa@mail.com','63SmsTtEJ0q7hdmLLidF3gnvM2EkhwP6PwnEhgxoCDs=','::1','2023-09-02 14:56:40'),(74,'alfa@mail.com','CAzlG1V0t9fufxiqiSE5Au9/CfB178KY/BnZIZAo4go=','::1','2023-09-02 15:01:11'),(75,'alfa@mail.com','QxRwsdm6pJ1b0FFWguHVDNlI01vjzOK/Ls0/xE/AUvI=','::1','2023-09-02 15:07:15'),(76,'alfa@mail.com','RG3OuQUytyE48HNoW4vYzoKiMDUFj2WKyjiBHifPtFc=','::1','2023-09-02 15:11:54'),(77,'alfa@mail.com','uFNiMF5airerMhucFx+8Q+BZeqk8IxelB6/rVdPk454=','::1','2023-09-02 15:13:23'),(78,'alfa@mail.com','pPPOH2/OQ25QG1PdjoNgc5uysV3VoEMLdQ5A7ilQnnQ=','::1','2023-09-02 15:13:51'),(79,'alfa@mail.com','i3qgj3M790IUNv8uSG/4v72G23oxFbYpE8tkhc+ywxo=','::ffff:127.0.0.1','2023-09-02 15:14:08'),(80,'alfa@mail.com','i+WYMHS7IjcQbYSNeBwYf0O7uymp9Ch87wBgXeeHcwo=','::1','2023-09-02 15:14:45'),(81,'alfa@mail.com','6bHI26a+DR+JlZufVOBXmPNS0wTp8IW3cRjIaxsLZVE=','::1','2023-09-02 15:17:35'),(82,'alfa@mail.com','MJUxDEcxeaa1bAPRYDmkYKgPzOaYnbMFaJKQm3B2T1o=','::1','2023-09-02 15:26:54'),(83,'alfa@mail.com','LfF7miqIKdF3tWLf1yY12deIYCaj8XE8W0CZwqX7pXw=','::1','2023-09-02 15:27:32'),(84,'alfa@mail.com','PSHFSR/m03y7dRghvGrivAvK/iftn2f3GRkyRU/4Lms=','::1','2023-09-02 15:27:52'),(85,'alfa@mail.com','wq+iPUK2SpLQL+1yS/FFXqXgPi+7MgpKCCjMYHa7L9g=','::1','2023-09-02 15:46:31'),(86,'alfa@mail.com','L3RDAi9hdZZzxdvyDCPGYYMJayHMZgizyFMzmcz4Dck=','::1','2023-09-02 15:50:30'),(87,'alfa@mail.com','1RE2cUWaFyG2A2qz8/uZHgi/d3uN9ghs8C4djnbvibM=','::1','2023-09-02 15:53:03'),(88,'alfa@mail.com','RAm/X+zk3tsqxPi9RT0Vju6qKSXUZ1LvFVemBt+H5Iw=','::1','2023-09-02 15:54:03'),(89,'alfa@mail.com','D8wv1rFbLWaZFGXFz3XXbitVD3WJUK01695APsgNkMs=','::1','2023-09-02 15:55:55'),(90,'alfa@mail.com','TXIYanIF3g3FLpDOOHJTR80G/6SJjkt6ldsyXtz+fkI=','::1','2023-09-02 15:59:52'),(91,'alfa@mail.com','66qq2m6n7lKxiz/8hK7CK5u1HGfLV1OrF/UwIbZe488=','::1','2023-09-02 16:00:33'),(92,'alfa@mail.com','kkZubzM2UMk3YNARnbS9COFKOP2+rR4sIe43WXrxMZw=','::1','2023-09-02 16:02:51'),(93,'alfa@mail.com','xD1CvNssoAtTMwX9j/zXip0jAzpJ1RJJHTTUObSGb5g=','::1','2023-09-02 16:03:05'),(94,'alfa@mail.com','HWrOkWwYQYkzB7DVvLNY6hUqWv/UQf1KOSmCyMWOqYc=','::1','2023-09-02 16:03:53'),(95,'alfa@mail.com','Ujs0+nXsykDFyo6xqz1H/WKU00zkgYkrMf+MuzWJZag=','::1','2023-09-02 16:05:21'),(96,'alfa@mail.com','warTNyy3zkpeS5T5LHl+VE8zQbJHG2UM2QPlxtHAdDI=','::1','2023-09-02 16:07:08'),(97,'alfa@mail.com','ESZEWbY8jrFxkGw3FHSvIWOJ/i/8vlr8iPKnfYZquWs=','::1','2023-09-02 16:07:57'),(98,'alfa@mail.com','IBORa56XFntt5Ulelsc5eRyfiRl+LbPOZD8vgqyQXwY=','::1','2023-09-02 16:22:12'),(99,'alfa@mail.com','X7Yq3sYe8boflXCAgEEWvSkX8h6x9q3TgZjQ12/m6bg=','::1','2023-09-02 16:23:02'),(100,'alfa@mail.com','cxTvxDOGBePl4I4ROKGac+XYYCRmarZQwBl098V5psU=','::1','2023-09-02 16:23:37'),(101,'alfa@mail.com','WCEohrK0bZvQjukZY8koNP1ayrAysIc2SsFtandW/Q0=','::1','2023-09-02 16:24:20'),(102,'alfa@mail.com','Kk4aBodQk36u4P/yM/LgteMdetaHiWhllUjcKk7bGBU=','::1','2023-09-02 16:24:43'),(103,'alfa@mail.com','k9e82Ll8l1Pa1h/F05tPUH5/q4tMlH2QVGwct5z7Cl8=','::1','2023-09-02 16:27:05'),(104,'alfa@mail.com','JxXdKop6syAMHLFlWS/YpG8S4wG31LKbWar1174v9ls=','::1','2023-09-02 16:27:41'),(105,'alfa@mail.com','vjsiclSwgnS1e1NAYPQYZov0KyUNBiIBYGI3AORUVR0=','::1','2023-09-02 16:28:16'),(106,'alfa@mail.com','y0DOLLk7Oh5dd18iLUTRiy1MnTik6Yu8b6KOH1UpQ8M=','::1','2023-09-02 16:31:55'),(107,'charlie@mail.com','5J7IJhzFZbGPO5GBLq/j6tpjMtMFwc+/jmMnzbLoZk0=','::1','2023-09-02 16:36:19'),(108,'alfa@mail.com','SAJ4QuvKU4c2H0RTB12zkN0meRVRar4ByUPw8gpeCYo=','::1','2023-09-04 13:46:29'),(109,'alfa@mail.com','WkzQ7OZfRm4VZS+57KAX5vlBsFKSAYEGhmmQ7NSDuWw=','::1','2023-09-04 13:47:19'),(110,'alfa@mail.com','WkcW/U6Zh/oWlnDjQ1MA1bDMl8O0ekh/+BaHGPG4Y3c=','::1','2023-09-04 13:56:03'),(111,'alfa@mail.com','OScHePCSJKUP/ESl+RdMEf43s+IAyp0OpdcKR+gZJ5s=','::1','2023-09-04 14:04:00'),(112,'alfa@mail.com','BLEeyWQujwnijNtUsKVUy7lWeQ+VgUwPkE6XqD+W6J8=','::1','2023-09-04 14:11:26'),(113,'alfa@mail.com','Wq6GFSYZ4HbGiFI6h954LNQvZBNtc0pn2c5BkycoX70=','::1','2023-09-04 14:15:37'),(114,'alfa@mail.com','VjvNn7UcxdJkRPWxBfgxEgXxC9jdd92jFaFu3VZCWN4=','::1','2023-09-04 14:37:04'),(115,'alfa@mail.com','5+H4kbDi9MvcZUZJ/wKZozCEDxaEOusCohjH/N8YrUk=','::1','2023-09-04 15:08:45'),(116,'alfa@mail.com','a3+h2TnyQK/WldTDjvQ0d/W5r9UW708c5jfsPk0wl6U=','::1','2023-09-04 15:14:42'),(117,'alfa@mail.com','fuPckYgt+PZoUcDksrGEQolB3epVNNeZqaCmxk9jqes=','::1','2023-09-04 15:17:34'),(118,'alfa@mail.com','3UXJYXTrEtsXbUsyvkppLbENWu2LWk4lsCTtomYbR4I=','::1','2023-09-04 15:18:18'),(119,'alfa@mail.com','RGokSqqpzRzdC5UeHDr8/xOhdqYaekByg84NYVSJoh8=','::1','2023-09-04 15:19:04'),(120,'alfa@mail.com','ETkgWukQcK2G5w38ggfkpBx3CU6VVSD+rbVZH+OUKdU=','::1','2023-09-04 15:20:04'),(121,'alfa@mail.com','dykPb6Iu3sGpzTjSH3jKvW78jGSbXmiQiwXIsuqgQoE=','::ffff:127.0.0.1','2023-09-04 15:20:52'),(122,'alfa@mail.com','u6Txug+jWEABVvFwVsfuwIwPcRug77ResJk5RAjxNDU=','::1','2023-09-04 15:20:57'),(123,'alfa@mail.com','lUavLK6ZMbMFndHT8dzx5CBZ5/5cxlcZrKhawlkdl3k=','::1','2023-09-04 15:21:41'),(124,'alfa@mail.com','DhBVu2N+2ZeZatLgmWC3LRrBC1oEaprw2KdUqRodLUk=','::1','2023-09-04 15:22:40'),(125,'alfa@mail.com','kaDnClYycOVqXZ6HxpfHEaof+M909zomDKFqRoFyTCQ=','::1','2023-09-04 15:41:21'),(126,'alfa@mail.com','6rHBPqKp43T8uGK+CHf18XYAcFyPVHGhzkkSaXCaChE=','::1','2023-09-04 16:40:29'),(127,'alfa@mail.com','iFZL2kbGv3m3D4mDwViZ7ADrSBvaHy1kUDaZteOLKjY=','::1','2023-09-04 16:43:12'),(128,'alfa@mail.com','1AiLZzAm3pVzNs8+c2UQ3cShGs6EgiKafxT2xaC2/qI=','::1','2023-09-04 16:45:18'),(129,'alfa@mail.com','kUraShnoJ1Lregao4aV2GUBBK5tiHf1zgfKNEfmgVsA=','::1','2023-09-04 16:46:25'),(130,'alfa@mail.com','eq5+nilXPzpSYT8A/LdXfEyoSwbk3ZDLr0nQLVn+KmM=','::1','2023-09-04 16:48:29'),(131,'alfa@mail.com','xHJrQbn4OPNQKfrHkm2MK1EEFY0CCovJGlKmHibLYjQ=','::1','2023-09-04 17:08:11'),(132,'alfa@mail.com','RxOonUgqAqYpCbfdPl6kq6a7XoJLTpfe6kXW8LzJQMc=','::1','2023-09-04 17:09:01'),(133,'alfa@mail.com','KWt5OF16xEMj+34rGmhzQCbVxGrsdreQwHIO36D5COM=','::1','2023-09-07 13:35:58'),(134,'alfa@mail.com','UsIvVX1XumjoO5dMYwTQinOPHG30YqBFxD75IXVcIuU=','::1','2023-09-07 13:57:11'),(135,'alfa@mail.com','17p7fKK+3uMmx57vfZjfUCiN+D3/Lbl6/bSg9CSSecY=','::1','2023-09-07 13:59:43'),(136,'alfa@mail.com','uLvnBULRBg4ukt9NixF/ZG7ud7YPknbpkWRkkjhaSJA=','::1','2023-09-07 14:01:19'),(137,'alfa@mail.com','GabhFwXCO4woAh9t8ptE184gO6gYJuBNiroB+5BhO08=','::1','2023-09-07 14:01:48'),(138,'alfa@mail.com','HUakeX0aA600sbkbdysKojf8hq8pMA2EK1OCLtKdbgY=','::1','2023-09-07 14:02:10'),(139,'alfa@mail.com','7bKIFR2gLHXiqpXSMyssIqaR15llzsN+iUf8/Wvjxbk=','::1','2023-09-07 14:38:12'),(140,'alfa@mail.com','dKXTB7Tf2YuptD5jvLL09vkz1Zn9r/e2jmu9YPMIUHA=','::1','2023-09-07 15:03:03'),(141,'alfa@mail.com','ZBTtQJjK0sxEp+xo9LZAzSCBTc255Nv/G4Lxz1xsLik=','::1','2023-09-08 15:02:33'),(142,'alfa@mail.com','1yiFd+hu9c8OukDS9SCQSfmOa9P2YZN2J4wQViWa4XM=','::1','2023-09-08 16:11:18'),(143,'alfa@mail.com','pPDILzWzO0VK6Sx+aX8p8ZDrxiZIgc4LbZggGIuyOM8=','::1','2023-09-08 16:14:59'),(144,'alfa@mail.com','KChdhT7oXp4VejoWIYYhmD7YmkEQ4HpNYSDEpoIBEww=','::1','2023-09-08 16:15:47'),(145,'alfa@mail.com','Ws3jUD/DKTeGSgbWt6ksuiycWwf3silPpIKzRQaD3uo=','::1','2023-09-08 16:16:22'),(146,'alfa@mail.com','mqCJkPY4596oryvS6iDF6ukDheU+KCgZiidEgSAtXRg=','::1','2023-09-09 12:23:48'),(147,'alfa@mail.com','PSShJqnEApmdeZ1AZ7YzPoZ2aQsjCBJNdtOavK+T9UQ=','::1','2023-09-09 12:28:00'),(148,'echo@mail.com','grVF4m/q12dkOuewrx1irv8RE3MYRDn2t0m3aVqeZL4=','::1','2023-09-09 12:28:45'),(149,'alfa@mail.com','Kz4hrpZau2XgLEZd3UJj9fkVwBfaxpDeHha/oS5BKWk=','::1','2023-09-09 13:39:20'),(150,'alfa@mail.com','ZONCqlurUMR/Jnfqos16gHeWoeLTX/ADcXhUSwljClo=','::1','2023-09-09 13:41:39'),(151,'alfa@mail.com','4Pm9NOf/n4ik5DDHJiD9myqBa0fZDNceYfpcvoaJGMo=','::1','2023-09-09 13:44:06'),(152,'alfa@mail.com','pGeUxjJZPrmyToiiraCFup0tKbeQ4QsjAKHHNRGvi7Q=','::1','2023-09-09 13:50:29'),(153,'alfa@mail.com','t7r8q367JIrGH2se/45rVs2Ar5zrcuih6YehSmhehL4=','::1','2023-09-09 13:55:00'),(154,'alfa@mail.com','JQ3HtzdsnkjIf9Fxiljfw/3WmqQ86+719Y9G6fJDIiQ=','::1','2023-09-09 14:02:31'),(155,'echo@mail.com','q0HYFkmUqJblAIVEmn3hFmEibQjHUM1Zf39vMtaWvdI=','::1','2023-09-09 14:02:41'),(156,'alfa@mail.com','xVt8Yv2EatvLdgOEkdZR6njUhO/zwQqC5mQpYKkcYls=','::1','2023-09-09 14:09:54'),(157,'alfa@mail.com','Fh5x0uN6b4Mlxtorf5OJ9BVs8wQ/gRwBHqchPXShrMk=','::1','2023-09-09 14:11:32'),(158,'echo@mail.com','+Qg3hIaE+lwqkkwzVI72tibN2DMA/AeHJ+phk3rzf1I=','::1','2023-09-09 14:13:40'),(159,'alfa@mail.com','sB2TMgYXsWfjdRbgF5+L/IoMk/dgW/ZtLm64TeUwC7o=','::1','2023-09-09 14:13:42'),(160,'alfa@mail.com','/z7mn3ez3QJfFL/LgrHu0/91Ty+ZZYlpBd6cyNuxZvc=','::1','2023-09-09 14:18:16'),(161,'echo@mail.com','CrtdUp0rLK0uc4/Fc/kILDAIvHfXhUiKF7usxxKawVM=','::1','2023-09-09 14:35:48'),(162,'alfa@mail.com','TWDyCxPT9BooyIk8ckk5o3qRw8dFEng9BpLWnTJ2FIE=','::1','2023-09-09 14:35:58'),(163,'alfa@mail.com','eRVnuMV2ujDnkG/CCtC0FpNP9d7htTYudiQdsOa68y8=','::1','2023-09-09 14:44:25'),(164,'echo@mail.com','L2U2bQsH+DgHQN3YBukOlbb2KQyKONY5FNJguw3zAwg=','::1','2023-09-09 14:44:39'),(165,'echo@mail.com','QCYATcAsIbWaqZ+Xo2JYoYndogla4A+lvbPze/PyQcc=','::1','2023-09-09 14:45:01'),(166,'alfa@mail.com','6vICEMATm1OrW+Btwu6UWKVi3us5/P5KkSIV0lE+Bow=','::1','2023-09-09 14:45:07'),(167,'alfa@mail.com','awZM9+wvgyuA+L7c6sHMt7DjtnvfZlP3X2Yn4+HjuRw=','::1','2023-09-09 14:49:13'),(168,'echo@mail.com','qNcOHf/N8vHahJsFGSahGrIb/J5TMPqrhzV+0JW/OPE=','::1','2023-09-09 14:49:18'),(169,'alfa@mail.com','cPqj/1tWv+9sErQKtnlSYtvnJYzGxNUqinF6QwuFyzY=','::ffff:127.0.0.1','2023-09-09 14:51:17'),(170,'echo@mail.com','bUe22ZL0+zzWSjhOEKUJLLR1H43TVe4n63Yv0XqNUaw=','::1','2023-09-09 14:51:20'),(171,'alfa@mail.com','w/Q8Ceq/WNPE1mxoL5o5QcIzgvdTmZHLq+ln7X1IZpA=','::1','2023-09-09 14:53:22'),(172,'echo@mail.com','4RQVN7ZUZLLXnbm4p9804i+Bv/ShhjXXi5cWx584CD8=','::1','2023-09-09 14:53:25'),(173,'alfa@mail.com','H6so0QSCGkna2kvhliIU6lRnxFaxoN69m1EWmlw+7FQ=','::1','2023-09-09 15:00:34'),(174,'echo@mail.com','ETRSfOdu0VlTinSXHAAJOxnCxhzOvJ98cAbi7Ighdag=','::1','2023-09-09 15:00:38'),(175,'alfa@mail.com','QXauEiUOK3rG8qi4QcnNVhNabvEyAnMbaDfEJFdaTWQ=','::1','2023-09-09 15:02:08'),(176,'echo@mail.com','9VszPWussjwPWfmUjJPEbTfny6vXRjZ54OocrdLnHG4=','::1','2023-09-09 15:02:12'),(177,'alfa@mail.com','XjIz3zlIXpHhmVA2j5gJVa4Pi85O/wB/P7XFPwiyVEA=','::1','2023-09-09 15:12:14'),(178,'echo@mail.com','XG8FKdxzty+4A4fHBt4odIrS4NO8fFEu9tXEp4cHlt0=','::1','2023-09-09 15:12:19'),(179,'alfa@mail.com','3xueiwTX9ha1nU6PUTTeudz61lEXWjJMZ0bSsGWZdY4=','::1','2023-09-09 15:13:15'),(180,'echo@mail.com','PaX/yfwtgzXe+aQftOnjZy1LmiQ94wgoPzURK0RBiR4=','::1','2023-09-09 15:13:22'),(181,'alfa@mail.com','YQ1/b3/b4CVduzZ5wtp4bnvrWzfT+F/orvCxT2vdfvg=','::1','2023-09-09 15:18:33'),(182,'alfa@mail.com','MKer1u+Ye3Q8+K+73KoxQNVryzo0baZaXnzJzoY5Cq4=','::1','2023-09-09 15:19:08'),(183,'echo@mail.com','Wmq9uDoSZJnspphpSwB3ev/YQqIVhhHacy42T9kMmeI=','::1','2023-09-09 15:19:13'),(184,'alfa@mail.com','k2hfHr5jXIY/2IECrOklNDEC3XYoHELBT0koSD3MKyU=','::1','2023-09-10 14:20:23'),(185,'alfa@mail.com','Mio8zB5lJHQLCS+7RmjPjO+BtManq+b2Otjlggp+1AE=','::1','2023-09-10 14:21:15'),(186,'alfa@mail.com','lpF3XHKmprwhWwmOVglmH1zluZvAR/Sl2g8Wqp/3UdM=','::1','2023-09-10 14:21:27'),(187,'alfa@mail.com','USOoVmt0cHEOgsfsEGHhCeayHn0WufBjwBAqhy6DeVs=','::ffff:127.0.0.1','2023-09-10 14:22:36'),(188,'alfa@mail.com','DCqEreM7NgeDER+AnzoRN1AwzFd4QkBVOzqrTLdYjtU=','::1','2023-09-10 14:25:45'),(189,'alfa@mail.com','9JGwkRfuzkmhZKvbmydnahM+GZaxOPs/HjzyFP/p/Zs=','::ffff:127.0.0.1','2023-09-10 14:26:44'),(190,'alfa@mail.com','Ygbh2azWYFhtTQNZJmPIgRpNmN+eB+h3L+Hel5XkFWw=','::1','2023-09-10 14:27:05'),(191,'echo@mail.com','9IT4BJAY2dbKmPWGQK3QLgh9oihoKLhPHpo9evVMMGY=','::ffff:127.0.0.1','2023-09-10 14:28:52'),(192,'echo@mail.com','Z0527u/E8mEkCTg2fdUfx9cw//Xg+nyHhzxGJrPXBoc=','::ffff:127.0.0.1','2023-09-10 14:36:27'),(193,'echo@mail.com','eI+5fcRcnOvCIhQWH9AlgAhZx5C3oTojHk+JrzYSXwk=','::ffff:127.0.0.1','2023-09-10 14:39:01'),(194,'echo@mail.com','JMlUVShY0fRtgE+RpwXrTcUe4u5MolER8uULrrYfsnY=','::ffff:127.0.0.1','2023-09-10 14:39:51'),(195,'echo@mail.com','B6ZkHvHmJgeJ3LWnowUlOqWBqsZqozffvLlQj0Cxrns=','::ffff:127.0.0.1','2023-09-10 14:40:32'),(196,'echo@mail.com','NMNkt2MfmPWqmFqzJPCWtTVLo+qAu01sPbCF2i+NveM=','::ffff:127.0.0.1','2023-09-10 14:40:49'),(197,'echo@mail.com','kD/0DoeFraHnYBtUdvdYGHbDlYfK4k8oWUd4mtIXboM=','::ffff:127.0.0.1','2023-09-10 14:41:53'),(198,'echo@mail.com','1w7kfmMHQ0VF3X2XRVibA0tlHP1TWJ309ldY0l4QxcQ=','::ffff:127.0.0.1','2023-09-10 14:42:39'),(199,'echo@mail.com','jNiu0WZX1f977hnHsvGTI1gGKzbMh2puMlpSPeliPsI=','::ffff:127.0.0.1','2023-09-10 14:43:29'),(200,'echo@mail.com','SOZ+tSesqbncH0LWSsIXgTOCmM7nQjbWw+DjvVE14Q0=','::ffff:127.0.0.1','2023-09-10 14:45:02'),(201,'alfa@mail.com','hb+dz/xMkwBYUaXUU/lMjENMjgH42YjFh3aouBnV66s=','::1','2023-09-10 14:45:09'),(202,'alfa@mail.com','DNg/04vbYGojgin3ys3r0Fpu+J17yRAkdNWhdV86/L8=','::1','2023-09-10 14:46:40'),(203,'alfa@mail.com','Ag9IDGAFW2bfUfv1aD8209TiptteqxH2iJ1hoiY04JA=','::1','2023-09-10 14:48:47'),(204,'alfa@mail.com','HLtURTG81vmtr+eISzjaNaKzMYONZYcmpw8XZ9j347Y=','::1','2023-09-10 14:49:53'),(205,'echo@mail.com','4TpdKme1Qya2ZcxgKTbKa0hIbuPmLzK1dCK+dEC/QkY=','::ffff:127.0.0.1','2023-09-10 14:51:06'),(206,'echo@mail.com','X7K5bOjm2Op5uamQvRSyPTc/FsSgK5ICD/4fDgUO9tE=','::ffff:127.0.0.1','2023-09-10 15:07:03'),(207,'echo@mail.com','iM8uyDKKgfpKnoZiHXnLtlirE85vrTnZ2PV9MrW48LU=','::1','2023-09-10 15:07:55'),(208,'echo@mail.com','2GyHuCvCp6UrS5AG8bC/SbNEskwx52WjbW+jLkC1/W4=','::1','2023-09-10 15:08:37'),(209,'alfa@mail.com','wb5+a6wrF5JebXHgfizOJ7BvL/msjuFH/iozF1XZQT0=','::1','2023-09-10 15:09:55'),(210,'alfa@mail.com','YgtaPGUQSxrk5R5sXz7R4GiiyagwGvyWitQcNtEljcA=','::1','2023-09-10 15:11:26'),(211,'alfa@mail.com','M0VUlBg5wTLfWwTQTUK5ZCh3O8tl/BX7I4o7c2RzCgI=','::1','2023-09-10 15:12:45'),(212,'alfa@mail.com','flTwvnRsBve0LiAEXKYnmpIMi0d0FYhGvp5piNf1srg=','::1','2023-09-10 15:13:34'),(213,'alfa@mail.com','PF0dQu1OZu4NR4V6MuNsL1pvhn1X1hlO0I+2DYtaUcE=','::1','2023-09-10 15:14:33'),(214,'alfa@mail.com','g7FwXj1KndPe2u+nyEQEqWS5GaFLf9XAsYKehot5Ca8=','::1','2023-09-10 15:14:40'),(215,'alfa@mail.com','TP4NFwCJiXj7tcCKUDRRTYu5f0CxdxoWsj+1wnupUuk=','::1','2023-09-10 15:21:49'),(216,'alfa@mail.com','mQpGOeRaSaZvbCPCAq+kMlTdgb6hT4uJzz+pYDqwY3M=','::1','2023-09-10 15:22:16'),(217,'echo@mail.com','mQyNcihZiUSm3UAjYx31vHiTv8ooibqN1j9+cuplDoM=','::1','2023-09-10 15:22:44'),(218,'echo@mail.com','aI2IGhM+b+xG6P3iOx81QrdJSqyIo+5yXSfIj4RJrFw=','::1','2023-09-10 15:26:02'),(219,'alfa@mail.com','Ll/fUf4wNRwvO2O84VL4fXSCN0CTlEprtHKrwRCIELE=','::1','2023-09-10 15:26:09'),(220,'alfa@mail.com','Esktu4xoqcKODonzOoChIsb63iiIx5qV0VrmkXN3+NI=','::1','2023-09-10 15:29:05'),(221,'alfa@mail.com','PIRp/Cix7mUo1HS4iBi+Q/5xfXf8u/W11kxzalBBe4A=','::1','2023-09-10 15:29:24'),(222,'alfa@mail.com','V9VQEVFtUp33gQLx8E7orlXu1iNYSDQii6tb5Y+sBsE=','::1','2023-09-10 15:30:32'),(223,'alfa@mail.com','BcgtrbT8DlaRqUJbUh4eAbxOFjeKRxHVhNhoagvoVHQ=','::1','2023-09-10 15:31:24'),(224,'echo@mail.com','niiAY+eq6vWZyJvM3H9Kyzr2LpUr/3baQ5BwPUIxT0Q=','::1','2023-09-10 15:31:56'),(225,'alfa@mail.com','0Rry8xMDSt3ioqDwV/F+xopnmZxQ/aHsPyoevqseT+I=','::1','2023-09-10 15:35:36'),(226,'echo@mail.com','7n+U77DQTwf9ukJb9Mpo2cJwLCqrSsreSTmOzwjGN4Q=','::1','2023-09-10 15:35:40'),(227,'alfa@mail.com','xxjnPR37wNxHv+gBe7PSn5fhxm8Qdez4KKhsqlX9pjc=','::1','2023-09-10 15:36:41'),(228,'echo@mail.com','O2BW+S0sHB+TSPn6PZyHUAGjpy4BBz2fuIdPjlBuzKQ=','::1','2023-09-10 15:37:59'),(229,'alfa@mail.com','KMSWJpvz4veB3MRMa7uwdfn7r+UjE4dtjBJMP7m+EJQ=','::1','2023-09-10 15:38:05'),(230,'alfa@mail.com','ZpwbhdCktNBTN60zx/H9FJgeLDG7mHxYM6trOE+MNDc=','::1','2023-09-10 15:39:49'),(231,'echo@mail.com','d1MUfkhpNRGTmvydslzSrLmXhhbZCmMkK+beKzoS3JE=','::1','2023-09-10 15:39:53'),(232,'alfa@mail.com','6xWjCWLZEruj2abRpDMkF/xfjrrpmQTsdwjOvNSVaxg=','::1','2023-09-10 15:48:45'),(233,'echo@mail.com','J0rnTU0mh0+6TV5aljij/Wnj/VOyYKnrNrCei8WoDNw=','::1','2023-09-10 15:48:48'),(234,'echo@mail.com','w9m1SgRqLgRZVlgzeTUPdClXuXizqnTiCFEltW0aB9g=','::ffff:127.0.0.1','2023-09-10 15:49:05'),(235,'echo@mail.com','JVreHrbAikC+URY/ECu+aLAolSOOrI9KR75e/wuCmqQ=','::1','2023-09-10 15:49:13'),(236,'alfa@mail.com','H/bWSMktASQW8d5HmkTcYklPVUbdczu2mrnCerxaszM=','::1','2023-09-10 15:49:21'),(237,'alfa@mail.com','qabcxEZysSW8nswVtS58S+Pr7UowLNOgF1YuIaBMYr8=','::1','2023-09-10 16:39:06'),(238,'echo@mail.com','o+fYf/QzO5SJjPb1SUXPySvXOYqLvFuOp9ezJZ8pwkg=','::1','2023-09-11 12:47:38'),(239,'alfa@mail.com','qq05n69hzXG96c/NYiSOtz/NN7psgU0Q3JdMj7m299c=','::1','2023-09-11 12:47:54'),(240,'alfa@mail.com','tE7hK5hdF8Wcype4WLC8/bDPswMNMC3X9ze6i+NGUQo=','::1','2023-09-11 13:10:01'),(241,'echo@mail.com','6/jGWkiXNwbKcqJfcUn8LHwaGBeeDwwyDM/jyEXhN3c=','::ffff:127.0.0.1','2023-09-11 13:10:16'),(242,'alfa@mail.com','/Dr4pfAFsi0Z7/E7Fv7qlfB5gnE5v05X/wdYrp2kV+c=','::1','2023-09-11 15:13:26'),(243,'echo@mail.com','9NIPMc48mODxobUL+4b/gB+oMswMz7FEd6Fmp8cPP08=','::1','2023-09-11 15:14:10'),(244,'echo@mail.com','MtM5DtcswZWQYudHDVvT9Eh545fAHM24L1yRiaj1mDE=','::1','2023-09-11 15:33:51'),(245,'echo@mail.com','o4jCiZT+cXwlFxoRk9JfHv4mZ5e54ASk6VcgNRRbOVU=','::1','2023-09-11 15:35:04'),(246,'alfa@mail.com','p7jX2ZwX8mxZnXsbdnp9kMP6pmgo/UxERJG0nhVjtmw=','::1','2023-09-11 15:35:14'),(247,'echo@mail.com','DFJDNGrBepnYSszRI5NWymKef2/utP3peHtsYWtdf+M=','::1','2023-09-11 15:35:33'),(248,'echo@mail.com','i+641V8Z93QajBlfw1nh/qA3Nwx4+lxkS0KGfWqjji4=','::1','2023-09-11 15:49:21'),(249,'alfa@mail.com','TTFPjZhZmOCWeymLWqFHB3sC/u7Q2EfLzxwc+ZV30M4=','::1','2023-09-11 15:49:26'),(250,'echo@mail.com','NJsccx84KLPTH/JK40ut0k42QceUJMI2kYHfYeaxPmQ=','::1','2023-09-11 15:51:29'),(251,'alfa@mail.com','afBqKiG4bj/ymjit3QBRs3u3EV+bRmhHMBLiBsfFA+Y=','::1','2023-09-11 15:51:34'),(252,'alfa@mail.com','SGNGdiLczdQeyWh5RdFRTI3IQKm6yLXZKrPnoE3ax1Y=','::1','2023-09-11 16:06:38'),(253,'echo@mail.com','lD8p7u7JofwE++CmE6qlWdgtolFgXi8aLjlabRrRoow=','::1','2023-09-11 16:11:24'),(254,'alfa@mail.com','IpH6zPvNzUoh6lz5/ouRjTNBtxNt8HjrvShxNOZc3Ug=','::1','2023-09-11 16:11:29'),(255,'alfa@mail.com','uvWhl7yRETiTHNF8Pmypo0QAucUJ0N8gqyUmxXRH6iY=','::1','2023-09-11 16:12:46'),(256,'echo@mail.com','I02oaOTtQo8Cd1xUiZzK/vMSZyTy1d3Dnf0DNYZrhpU=','::1','2023-09-11 16:12:51'),(257,'echo@mail.com','Ivm7bsvL9UxFhRw9Pr4VOoIOnXNcBzQ4FlG7ofWGVUU=','::1','2023-09-11 16:15:03'),(258,'alfa@mail.com','2j6Pt3G9mjcLL0NoHRT9amNWN+nhYlloEnNqnv7QHS8=','::1','2023-09-11 16:15:08'),(259,'alfa@mail.com','PLObW70yIP8LBRe57tHjTW9XXfJXlCbew/3iSxsfxck=','::1','2023-09-11 16:16:02'),(260,'echo@mail.com','zl9x40dc8EJkfsQsj7SLS+ddJ/uVBIPUmgvVJVH11Ww=','::1','2023-09-11 16:19:00'),(261,'alfa@mail.com','516EDKZ6TkpIyZWwd56+v6zrh1eieaSDZI3fn+Lvvfg=','::1','2023-09-11 16:21:15'),(262,'echo@mail.com','c/foOu13hGCvVkvD8W1kUSB3nTVlo3KE14rWkxC6k8E=','::1','2023-09-11 16:21:21'),(263,'alfa@mail.com','kQyIpBe6GBdWo5N1WjBeOjjE0Tf6eic7AhisPaniEDo=','::1','2023-09-12 13:32:10'),(264,'echo@mail.com','AFJby0+Jv9gsUcsST5GBu0QwG31q8QBH48D7cdkCCN0=','::1','2023-09-12 13:32:26'),(265,'alfa@mail.com','s0WaaKGd00Vof0gNGHjandn2zv+Is823qEzQoy92Qi8=','::1','2023-09-13 13:01:08'),(266,'echo@mail.com','aPkuI5ZwkYcFNwFhgczLREKLTVj3FD5p0swuBJBih1I=','::1','2023-09-13 13:01:15'),(267,'alfa@mail.com','Cmalwea3L/8VLCFwZAtnrhIfbgwY+jDqphqox7uJWmE=','::1','2023-09-13 13:12:52'),(268,'echo@mail.com','r3fL5PGYMC1672HveXrqBx15wVyYWyh8ViXhwu6GybE=','::1','2023-09-13 13:12:58'),(269,'alfa@mail.com','xp6iAl4/BvjwJswqer2ePcm4deq5EPNHcfWodEKKt3U=','::1','2023-09-13 13:14:43'),(270,'echo@mail.com','c4+lOLnErZVscltYLRzAKFjaIbUkoukDhTaMKfmPk1Y=','::1','2023-09-13 13:14:49'),(271,'echo@mail.com','J+29ARjGveEqRprBVP8Cy+PcD7RQfjqO9z4JZ5CHAPs=','::1','2023-09-13 13:18:02'),(272,'alfa@mail.com','A0MpU7ad1wgRW51gPH0XwIQhJEplknBp7rcbQrraFJg=','::1','2023-09-13 13:19:18'),(273,'alfa@mail.com','lvAv3GmU/lttURKyKgtFV6dNNPKBz+Pp1MCereLe6uU=','::1','2023-09-13 13:22:23'),(274,'alfa@mail.com','DMdVm/5PDkLqlBNyCCCW5yjPJ8lefOyq0n32uKET/aM=','::1','2023-09-13 13:23:16'),(275,'alfa@mail.com','DYr8ASklz0b7TqNeGRvaEIG4IvKRU3qLKMGcZ7/zFJw=','::1','2023-09-13 13:23:43'),(276,'echo@mail.com','vU/d4EZXU3zP8i4T0a/8fcPZgW0L+iQ/AVKQm0vH0Mk=','::1','2023-09-13 13:23:46'),(277,'alfa@mail.com','DJEGqep7URA09/FyYHvYzNMJ8i/1Ts+nalA9cgdZ2QE=','::1','2023-09-13 13:30:47'),(278,'echo@mail.com','nker3pv50iJpbmeUkgr8emp52M09QaRZylTtEaIDvJo=','::1','2023-09-13 13:31:30'),(279,'alfa@mail.com','+VY/dh22AjQLNdFzyyN8zGEWLYYtb2zRg2iw8FV1aPM=','::1','2023-09-13 13:33:42'),(280,'echo@mail.com','CBGL4y6OCWwaEdwYc0/b1AEBvGxO0A+qhkcjTYU0hNg=','::1','2023-09-13 13:33:47'),(281,'alfa@mail.com','/+8oiEonGQJMjqjcob57lqONuvL17mSao0+SGuJAiUo=','::1','2023-09-13 13:34:16'),(282,'echo@mail.com','nnq+CmyJcxepqXBkSEjlIT8z6582/NthqXB5/oeFqXU=','::1','2023-09-13 13:34:19'),(283,'alfa@mail.com','8UIx0TGaxxombo4ZHh8Gx/5SZyjv5se97AZi3hV+hJc=','::1','2023-09-13 13:35:09'),(284,'echo@mail.com','98k4Ef6ejdc/QzqFhafF795itIqnfZkcAriG28aaP5s=','::1','2023-09-13 13:35:13'),(285,'echo@mail.com','OcCaX2zWIbGBt8lP+go4eYb8H+wzjoaoeuRb0jvKdSs=','::1','2023-09-13 13:42:46'),(286,'alfa@mail.com','tF8ZuNpxUMpOZGbOQotcgJtKHCw8ThPUTiayzumPeu8=','::1','2023-09-13 13:42:50'),(287,'alfa@mail.com','mCUcpDwYNjfqvF2sMvFzYgUtS+NV0096C1qMfhAE854=','::1','2023-09-13 13:44:59'),(288,'echo@mail.com','RsyqMCvMGLLQX0XUc/OGAvoHccr9tjwlcHUI9/U7pxM=','::1','2023-09-13 13:45:02'),(289,'echo@mail.com','l0DhhXPlwNb+25fWF8ixKByl4+TsGxCsbIKQGc7DHUM=','::1','2023-09-13 13:45:52'),(290,'alfa@mail.com','HScAuD5aKzaxyFz8IzRHYA4+89LJAEuPuvtou9i9Ajs=','::1','2023-09-13 13:46:04'),(291,'alfa@mail.com','zJuC1fNybIG2rlMrDE4vLhOISXgyi2NS51AbirnT1lQ=','::1','2023-09-13 13:49:30'),(292,'alfa@mail.com','1cEggRr2NtTRmTpaNNNt242HYC1KVxITOWj9nPz2tOw=','::1','2023-09-13 13:50:16'),(293,'echo@mail.com','xu7QxCrsvZRtPK8JW3A+a5OnmuT7Iq7g5m7uUYpKOFk=','::1','2023-09-13 13:50:22'),(294,'alfa@mail.com','1PmECclzvBw7sGn7oeyu+PcxkSQ44af4jKsAMpuTQ2U=','::1','2023-09-13 13:51:45'),(295,'echo@mail.com','+tn0qcRzE3CDcO/mPOqUJY8/dtyNDMR1LgYphoehZxk=','::1','2023-09-13 13:51:48'),(296,'echo@mail.com','0DErkX4d6CF03H7pLgfw4Wye1eJ8hLGWCNilrnJdofE=','::1','2023-09-13 13:52:59'),(297,'alfa@mail.com','RIComsOiIO2wO69iiXY4ZCAa83K+LXk5r1Z1rQ+m1lI=','::1','2023-09-13 13:53:02'),(298,'alfa@mail.com','ykhAYTxBHzBRTjEd3NFFIWNfLcEy3aspEMRezJiY3Gg=','::1','2023-09-13 13:54:37'),(299,'echo@mail.com','CCt3C5msGWyra19kvr/ys7rQYIEvAf81zMJ0bsU3wkE=','::1','2023-09-13 13:54:42'),(300,'alfa@mail.com','zlBxBDaNLuJnwmZpgKTvYPUkNt0RfDj6O4eAPzgNKOM=','::1','2023-09-13 13:55:16'),(301,'alfa@mail.com','OifEnfX47dsjMHqkRQF4rLhm2U93Lz2eft8ea2CLT7k=','::1','2023-09-13 13:56:34'),(302,'echo@mail.com','9FnKxdHNJ1lDmdByhCu9UIzD/XKo7W1ZgzhmJ2sMiPs=','::1','2023-09-13 13:56:38'),(303,'alfa@mail.com','HRJh37+xPHdXtMhikaLNmAL1mLNHRnxwqbjwdg+S3TA=','::1','2023-09-13 14:00:30'),(304,'echo@mail.com','8gxRo2Uis+K5ZqnBjEuvXy8S/aE4TEk2HLqpW/4RUjA=','::1','2023-09-13 14:00:33'),(305,'alfa@mail.com','1TD/ADeHkYSyhetmTZf4ad140/3uqLMSDI+OTFtyf7c=','::1','2023-09-13 14:01:36'),(306,'echo@mail.com','3OT/3s6UMpyGR7taRCANXzf1SiQ7WfF/i4AVv8G3Eqw=','::1','2023-09-13 14:01:42'),(307,'alfa@mail.com','zBBFFZ878NFakGsyLbGpFvs7xpoekkKXcsXiPIYlyrY=','::1','2023-09-13 14:04:59'),(308,'echo@mail.com','9Q09iEm+n364J8KIx0FWzNKNuSE1DN+LnP4bjLhEo6o=','::1','2023-09-13 14:05:04'),(309,'alfa@mail.com','Kx0SOPa2S6zR72HX9jaNK3ZtSFPtUoBnbMbbMsPRHyA=','::1','2023-09-13 14:08:03'),(310,'echo@mail.com','s35fzDQrcQA7vnCD/G8asw3+5pfH8bCVn+fDo0TyQFU=','::1','2023-09-13 14:08:09'),(311,'alfa@mail.com','6L7AAMO9QPVH64jChXPuOmEC0maYKg8bQhDbNcBvjwY=','::1','2023-09-13 14:09:10'),(312,'echo@mail.com','0zSLCJEbyOJFqe+4v8WBduK3/wvOHbOga8sp7cmkZA0=','::1','2023-09-13 14:09:14'),(313,'alfa@mail.com','mX43GvZoCk+A2KQ+5CZZegMemlJFUYzAU8dOV1aip9Y=','::1','2023-09-13 14:09:42'),(314,'echo@mail.com','Gsps6oRQIU9f0eaP7qyTwm5ryqAZkiIpIbTzlV6doWQ=','::1','2023-09-13 14:09:45'),(315,'alfa@mail.com','IYnB9zMJ7Rc0kaC+xDkugsbTCVCRjTtoXwrlZA2FRKA=','::1','2023-09-13 14:10:18'),(316,'echo@mail.com','+gE1ewLrn71JYjSJy2WjO/qTC9uRMJhBwl3p6/quc1g=','::1','2023-09-13 14:10:22'),(317,'echo@mail.com','V5ktHrIiz/C6BrqjmALVJiglluDE0CDkTseGeOFYa2Y=','::1','2023-09-13 14:10:59'),(318,'echo@mail.com','QlKX5UztDxQN/HmUFOzSVszLKmkw9JPLrQjuw41dZMw=','::1','2023-09-13 14:11:03'),(319,'echo@mail.com','yWPCDLLPsfsvUCCHlERxAN/c4huFIyNCbSLSaqt/hJw=','::1','2023-09-13 14:14:27'),(320,'echo@mail.com','zHFRqEJrwrbaZ+wclGkYjexjLlxeN+7WF9gw4ZUYx2Y=','::ffff:127.0.0.1','2023-09-13 14:16:00'),(321,'echo@mail.com','9g6v2qvuL5MsEpZEXwxvMDz1pe5Cp6dVwr743UjonZM=','::1','2023-09-13 14:16:30'),(322,'echo@mail.com','dRAfVlyKiKiia/+UpLKWCx0qzeluol07zbLwNxovQxo=','::1','2023-09-13 14:20:26'),(323,'echo@mail.com','+pLY64md8Jmz2dn083daotESBjsvqDYZf5n0ULAOq0w=','::1','2023-09-13 14:20:31'),(324,'alfa@mail.com','PfBdlG4RMgiHN7pXQdZSCsSalrv4yddYp8skUGzj90I=','::1','2023-09-13 14:20:41'),(325,'echo@mail.com','pDmRHOdsWGD7z0+2Ik19NHOiBmvH7BNGLQPKQiCom2o=','::1','2023-09-13 14:21:21'),(326,'echo@mail.com','xpa60OztTfEg3v5LF0rAwS8a+5u+JG9SxmLdGmRWSZc=','::1','2023-09-13 14:22:53'),(327,'echo@mail.com','Tg8c46ZnhbFun6UBJmdH/TjAs088aQ5SLB4xKk12sK4=','::1','2023-09-13 14:24:24'),(328,'echo@mail.com','6XgrF0jjBcuqgJyiEym8p0G76EwpZXnv4Ndh1WQ88Ac=','::1','2023-09-13 14:24:58'),(329,'echo@mail.com','FPdEaE16LjT+NE2dQrS0nIWMyQs3x0oHmFfoyUVvwdY=','::1','2023-09-13 14:28:04'),(330,'echo@mail.com','WdpZGmYY21NH29RjI04dve648HkZhnX+eSH6CEH5Qpc=','::1','2023-09-13 14:29:19'),(331,'echo@mail.com','YhqRM8BTcyC1QsyACU7yASipJmOgWoG3HrDzsh07mZA=','::1','2023-09-13 14:29:39'),(332,'alfa@mail.com','JRf25/1t4GqJ3fM5fXiNGpfLwBLuCQ+ddNjOsa0Pm5w=','::1','2023-09-13 14:29:57'),(333,'alfa@mail.com','rcUkrgwXqc3WCY6afBmUX/3udJdiwRe4ILabOn0+mGk=','::1','2023-09-14 16:04:49'),(334,'alfa@mail.com','5lS/CuITtvf2eKt9zISF8OHI8iZOLCGICxdPvZ0aSV8=','::1','2023-09-15 13:37:08'),(335,'alfa@mail.com','Eef9NWePVGwKZhBOrfArTw2uQLeW6VtWx5Hi6SfQo2g=','::1','2023-09-15 13:46:27'),(336,'echo@mail.com','PQB8Eklro3NNWkwHNoZuHGJwMZgS3HWle2AzlLTA/es=','::1','2023-09-15 13:46:39'),(337,'alfa@mail.com','ALex9rx+Rfbm9L5blpaUcYG3nvvEECnBO+nFmNfwES8=','::1','2023-09-15 13:52:25'),(338,'echo@mail.com','WMx4w0vc1XP8yHuAhqIJfhSXGIy3ZLajBCpLRpnbSpE=','::1','2023-09-15 14:12:23'),(339,'alfa@mail.com','sGoUuligMAKKFyjy6ujW5jYYxzc42+M6jNQpPmdO0mI=','::1','2023-09-15 14:12:49'),(340,'alfa@mail.com','TNWKr1xjpQTRVbmhlgrRidSVtJBAu2DOJSUCZfA3bwM=','::1','2023-10-17 11:04:27'),(341,'alfa@mail.com','o9g5hUqImrSq4U8f8QsbTtMqoHKw/SUk8Rcn0RgEXtk=','::1','2023-10-17 11:04:54'),(342,'alfa@mail.com','USVAtB1CjkybBcjkE5dZu4Mfe8ZpSfedeuOUXASDvpE=','::1','2023-12-01 13:43:57'),(343,'bravo@mail.com','kAtc7YBKnEwuNg434ZrkAVyY8H1SkhPMTXcxtwUzvdU=','::1','2023-12-02 04:32:42'),(344,'alfa@mail.com','c8cmAmPFsJ+QxvoStl7RIigI2PzBdrvLbm7YxA0BWGI=','::1','2023-12-02 04:39:39'),(345,'bravo@mail.com','sfC9+ZaCnAcjb9/t4/UhcdxlVuL3MN6QqHmaB31ngQ0=','::1','2023-12-02 04:39:52'),(346,'alfa@mail.com','VdQfuoaEbVMXfRe8CTyeOxUoNsoe0MTXNeY9DrsPhBU=','::1','2023-12-02 09:17:34'),(347,'alfa@mail.com','eexYjC4f1ZNzz79mEG0yqESHGPvrNa7vxyVSbjP/w1Q=','::1','2023-12-02 09:18:19'),(348,'alfa@mail.com','sFOIRlhY7aPoYDVlXmcki2kdog2n6+vN5lVdkn31gws=','::1','2023-12-02 09:18:30'),(349,'alfa@mail.com','iOZvDSVuGIbkAnBjYvkFgMq+qLTxsc5Ycb9WEakuILo=','::1','2023-12-02 09:19:11'),(350,'alfa@mail.com','iplzJJ38mNlU+hOnQLjC3e1dYnxRwc5eaUYGg2qqUQs=','::1','2023-12-02 11:46:12'),(351,'alfa@mail.com','bhJWXjCGwlmdWc48K7yAHgiDN6ByC2O8AXq0kRzpS8s=','::1','2023-12-02 11:49:37'),(352,'bravo@mail.com','u/DDUwpCikgQOKZDHHdU7qo2c8mD3G3p1O8/EBr0HTo=','::1','2023-12-02 11:49:49'),(353,'bravo@mail.com','24kg+ErC286tH95vXw2La63LF5JF/3i7m+XxX+irHeY=','::1','2023-12-02 11:52:40'),(354,'bravo@mail.com','FP6+/fouqj5mH6ibmnbFNaZQ5JFzVt0cxDntu8YUoe8=','::1','2023-12-02 11:54:57'),(355,'bravo@mail.com','23QZvKiaqRakUaiiT1WYyD4AOMm2oNR9MoaL6f6jZeo=','::1','2023-12-02 12:00:30'),(356,'bravo@mail.com','6s9OmNYchC1nxUMSMMrc03vZg2x1gZpYo6uvOQjuEJs=','::1','2023-12-02 12:03:40'),(357,'bravo@mail.com','z/yxqKn+Zted6aZ0RLQ5Vod6y1nnPpU3F2N6hUTCpa4=','::1','2023-12-02 12:04:03'),(358,'bravo@mail.com','fxVVSqfHkNq20V4lMa/eqK2Xxj/F16UtnIks5NKt3T0=','::1','2023-12-02 12:13:49'),(359,'odysseus.sosa@mail.com','v3UXa2qkxjaqeWR7liu+wF7LEU+xbL7hQ26rOqmGq+I=','::1','2023-12-02 15:01:17'),(360,'india.welch@mail.com','uO1SZY6s1HYNh6akFtKrmHpPbNstOUelK7KJ//GiST0=','::1','2023-12-02 15:15:18'),(361,'tanya.stevens@mail.com','7SiM9MiJlBShrvwlb7XEdlOTw/V8rOVYBgBmqdcUPEw=','::1','2023-12-02 15:15:54'),(362,'kay.brown@mail.com','1KAObc9tg45SNINyMUBeaET5u6dAHqGFvnxsVGUOASQ=','::1','2023-12-02 15:16:27'),(363,'keaton.swanson@mail.com','2sikCsTuJcGcL+kowplFA4AAQm7l8OTCC+QhkGqbHfw=','::1','2023-12-02 15:16:55'),(364,'hop.sandoval@mail.com','J+iXu2tKtog9/v6L5tkuD58KXThYxZXk0SiYqquD5t8=','::1','2023-12-02 15:18:31'),(365,'breanna.delacruz@mail.com','KktMA++Bq8/TIPlEe2ZMMlQrcBhQCaq8KEdCtIO1rc4=','::1','2023-12-02 15:19:25'),(366,'abdul.bright@mail.com','AVeMknbGMG38TD9D5Yqm38gEkiv+M3yrPl9Ppp88Vtk=','::1','2023-12-02 15:30:25'),(367,'alfa@mail.com','sQIRq02/ASnOs3Z0sPzwri2p2fdm0zGjko5LkmUldmo=','::1','2023-12-09 13:36:23'),(368,'maxigovuw@mail.com','P5tFmVwd3q4iCYf1Zd5LraLivBe9PO/KgG1EFVpz6vY=','::1','2023-12-09 14:17:47'),(369,'gagebifesu@mail.com','/awcMix3NPCfKwcjKS7DbhaTbLalcjqyOgZ8+U6qCHI=','::1','2023-12-09 14:18:35'),(370,'vudyqapyf@mail.com','Fg+0kb9cpxqPffLMzhmpoymXSLF7/6vlxltD4VjZKa4=','::1','2023-12-09 14:19:59'),(371,'daquan.cardenas@mail.com','Wog5yDnHU0HWDQ5QBgZ4qaQwESjgMpTT+5fV4a1ZnOE=','::1','2023-12-09 14:28:08'),(372,'alfa@mail.com','JgQd/k938N7T49Txv66ZlVzb9ixFZHEqrJ93OPmXXrc=','::1','2023-12-09 15:07:01'),(373,'echo@mail.com','KEcAidAbh3tnfBA12HvGriHghu0DyuNltkITewPV2+Q=','::ffff:127.0.0.1','2023-12-09 15:07:24'),(374,'alfa@mail.com','VYela/HU1Zh+74SIl98dOfITsDoNdcadTCOldcfj4qY=','::1','2023-12-09 15:21:37'),(375,'echo@mail.com','dgbkwHGkGd7RZN9phW6DGPLIrZola+fjRnkBR3aEBWg=','::ffff:127.0.0.1','2023-12-09 15:21:55'),(376,'alfa@mail.com','ayBUujn+WrOwDgXxgZN7mhLiZBJ9iNOL+U2Q+5oNtq8=','::1','2023-12-09 15:36:27'),(377,'echo@mail.com','s4egb/XxD2srI/iD93dWsz3PzCI9R/L0naDIBgCb72w=','::1','2023-12-09 15:38:52'),(378,'alfa@mail.com','EjUV8ARGCU28Nk16vzlH1kXsxmK6CECyzt0Hsq+t/h4=','::1','2023-12-09 15:39:45'),(379,'echo@mail.com','P4q3nEbaYQCBZjdkAerqKlZO1AKXJIrH8nqUVMrJ9Ls=','::1','2023-12-09 15:39:58'),(380,'alfa@mail.com','4BMmNTqs5/ac8l8H6e5JnzbyIUAUx06jSlPWDnSz+xs=','::1','2023-12-09 15:42:43'),(381,'alfa@mail.com','/4xtYgTUqkzzgYJkGEWsTfUk2/NPKPrGE7QMxhSS6J0=','::1','2023-12-09 15:42:58'),(382,'alfa@mail.com','q+mqcaocMgGxoTYM9rJcaNiROFgPr5Uv5ICUlzjBZLc=','::1','2023-12-09 15:45:57'),(383,'echo@mail.com','XkGofsLT4VMUZk+R4sPmiQKyOb70SyBygSPhWCyy7lw=','::1','2023-12-09 15:46:38'),(384,'echo@mail.com','0s1hWc/pr3i0lG/CxwExS+903+Jod1KQYqceWU77E3g=','::1','2023-12-09 15:48:41'),(385,'alfa@mail.com','MAgtLhzOI/jA/AwBKyg7mlL58dCqAZ2ttBBl3NuHeu8=','::1','2023-12-09 15:48:59'),(386,'foxtrot@mail.com','upSpyZPm3N/BoOVMKXBW5QaJruthy3IzwX52SL19Mjw=','::ffff:127.0.0.1','2023-12-10 05:45:07'),(387,'charlie@mail.com','b/aUv9Hi7N4yyYpBgHE8xTydz6PWa+GYsrNrF5r3hj8=','::ffff:127.0.0.1','2023-12-10 05:45:19'),(388,'alfa@mail.com','q3bMK9UmqRsK4GS9IyBraa4FeuuYow8YY5OjKJTFQBA=','::1','2023-12-10 05:51:16'),(389,'charlie@mail.com','xbOTRQk0nOfv73JWSqKg7/6LDaVT5DwMEbcS4hJensA=','::ffff:127.0.0.1','2023-12-10 05:55:10'),(390,'echo@mail.com','zDh0QbshKcs65ZfAoyRvpo6wNoXflqEyE1om5LMrtSs=','::ffff:127.0.0.1','2023-12-10 05:55:15'),(391,'charlie@mail.com','RVRkCiqZ2SsVze+3Zwjabi55WoCLcLi/iRiSs/EI8K4=','::ffff:127.0.0.1','2023-12-10 05:55:54'),(392,'echo@mail.com','U3zjKhReFXR8FWLp7ycqarUWrlG9gMxw1xpUTsCEGkE=','::ffff:127.0.0.1','2023-12-10 05:55:57'),(393,'echo@mail.com','xAyrUtkBZDzuX4sDEhiNbAx/PE3pbpdSYyydIiv/GN8=','::ffff:127.0.0.1','2023-12-10 05:57:46'),(394,'charlie@mail.com','XxeDcqPk2MMuL23/flL8so287HW7O+BDFjHCXvbAyXU=','::ffff:127.0.0.1','2023-12-10 06:23:57'),(395,'alfa@mail.com','4A1USJ3lFqT0fr/+KMAw+JbfkyZnDyi8BqTufPQVXbU=','::1','2023-12-16 12:13:25');
/*!40000 ALTER TABLE `login_details` ENABLE KEYS */;
UNLOCK TABLES;

--
-- Table structure for table `messages`
--

DROP TABLE IF EXISTS `messages`;
/*!40101 SET @saved_cs_client     = @@character_set_client */;
/*!50503 SET character_set_client = utf8mb4 */;
CREATE TABLE `messages` (
  `id` int NOT NULL AUTO_INCREMENT,
  `room_id` int NOT NULL,
  `sender_id` int NOT NULL,
  `message` text NOT NULL,
  `sent_at` timestamp NOT NULL DEFAULT CURRENT_TIMESTAMP,
  PRIMARY KEY (`id`),
  KEY `room_id` (`room_id`),
  KEY `messages_ibfk_2` (`sender_id`),
  CONSTRAINT `messages_ibfk_1` FOREIGN KEY (`room_id`) REFERENCES `rooms` (`id`),
  CONSTRAINT `messages_ibfk_2` FOREIGN KEY (`sender_id`) REFERENCES `users` (`id`)
) ENGINE=InnoDB AUTO_INCREMENT=153 DEFAULT CHARSET=utf8mb4 COLLATE=utf8mb4_0900_ai_ci;
/*!40101 SET character_set_client = @saved_cs_client */;

--
-- Dumping data for table `messages`
--

LOCK TABLES `messages` WRITE;
/*!40000 ALTER TABLE `messages` DISABLE KEYS */;
INSERT INTO `messages` VALUES (1,1,3,'Hello','2023-08-26 13:33:53'),(2,3,6,'Hello I am Foxtrot ','2023-08-27 06:02:29'),(3,3,6,'Hello Again','2023-08-27 06:03:07'),(4,3,3,'Yes What ?','2023-08-27 06:03:07'),(5,2,1,'I am Alfa','2023-08-27 06:45:10'),(6,2,1,'asdasdasd','2023-09-04 15:18:23'),(7,2,1,'wkwkwk','2023-09-04 15:19:10'),(8,1,1,'apo ni','2023-09-04 15:20:10'),(9,1,1,'apapa','2023-09-04 15:21:04'),(10,1,1,'aaaa','2023-09-04 15:21:48'),(11,2,1,'mengapaaa','2023-09-04 15:23:10'),(12,2,1,'ssssss','2023-09-04 15:23:33'),(64,2,1,'0.6465417867','2023-09-04 16:43:16'),(65,2,1,'0.1848086461','2023-09-04 16:49:44'),(66,2,1,'0.7418792758','2023-09-04 16:51:15'),(67,2,1,'dddd','2023-09-04 17:09:07'),(68,2,1,'asdasdsd','2023-09-04 17:31:46'),(69,2,1,'asd','2023-09-07 13:36:04'),(70,2,1,'a','2023-09-07 14:47:17'),(71,2,1,'a','2023-09-07 14:47:19'),(72,2,1,'b','2023-09-07 14:47:22'),(73,2,1,'c','2023-09-07 14:47:29'),(74,2,1,'aku','2023-09-07 14:49:25'),(75,2,1,'aku','2023-09-07 14:49:26'),(76,2,1,'abc','2023-09-07 14:50:16'),(77,2,1,'testtttt','2023-09-07 14:53:14'),(78,2,1,'abc','2023-09-07 14:53:27'),(79,2,1,'baru','2023-09-07 14:53:31'),(80,2,1,'okeh','2023-09-07 15:03:08'),(81,2,1,'baru','2023-09-07 15:04:12'),(82,2,1,'2211','2023-09-07 15:11:12'),(83,2,1,'2212','2023-09-07 15:11:47'),(84,2,1,'test','2023-09-07 15:19:11'),(85,2,1,'baru','2023-09-07 15:19:38'),(86,2,1,'lagi','2023-09-07 15:20:10'),(87,2,1,'asdf','2023-09-07 15:20:27'),(88,2,1,'ssss','2023-09-07 15:20:46'),(89,9,1,'asdasdasd','2023-09-09 13:44:13'),(90,2,1,'test','2023-09-09 14:36:06'),(91,2,5,'woi','2023-09-09 14:53:36'),(92,2,1,'atest','2023-09-09 15:02:23'),(93,2,1,'test','2023-09-09 15:09:09'),(94,2,1,'woi','2023-09-09 15:09:37'),(95,2,1,'aaa','2023-09-09 15:09:40'),(96,2,1,'woi','2023-09-09 15:10:18'),(97,2,5,'hai','2023-09-10 15:22:53'),(98,2,5,'test','2023-09-10 15:26:16'),(99,2,1,'yeah','2023-09-10 15:27:13'),(100,2,1,'apa','2023-09-10 15:28:08'),(101,2,5,'ss','2023-09-10 15:28:18'),(102,2,1,'a','2023-09-10 15:29:12'),(103,2,1,'a','2023-09-10 15:29:28'),(104,2,5,'b','2023-09-10 15:32:32'),(105,2,5,'b','2023-09-10 15:32:44'),(106,2,5,'test','2023-09-10 15:36:03'),(107,2,1,'test','2023-09-10 15:38:11'),(108,2,1,'s','2023-09-10 15:38:16'),(109,2,1,'s','2023-09-10 15:38:22'),(110,2,5,'s','2023-09-10 15:38:30'),(111,2,5,'wkwk','2023-09-10 15:38:38'),(112,2,5,'s','2023-09-10 15:38:47'),(113,2,5,'woi','2023-09-10 15:38:52'),(114,2,5,'w','2023-09-10 15:40:03'),(115,2,5,'asdasd','2023-09-10 15:40:05'),(116,2,5,'yeah','2023-09-10 15:40:07'),(117,2,5,'okeh ?','2023-09-10 15:40:09'),(118,2,5,'s','2023-09-10 15:49:27'),(119,2,5,'okeee','2023-09-10 15:49:30'),(120,2,1,'yeah','2023-09-11 15:14:01'),(121,2,5,'rilek','2023-09-11 15:14:17'),(122,2,5,'ye2h','2023-09-11 15:14:25'),(123,2,5,'oke mntb','2023-09-11 15:14:29'),(124,2,1,'ha','2023-09-11 15:14:32'),(125,2,1,'hallo','2023-09-13 13:01:23'),(126,2,5,'woi','2023-09-13 13:13:05'),(127,2,5,'yeah','2023-09-13 13:14:55'),(128,2,5,'yeah','2023-09-13 13:19:44'),(129,2,5,'baru','2023-09-13 13:19:51'),(130,2,5,'woi','2023-09-13 13:23:51'),(131,2,5,'test','2023-09-13 13:25:02'),(132,2,5,'woi','2023-09-13 13:25:23'),(133,2,5,'tsss','2023-09-13 13:25:54'),(134,2,5,'baru ','2023-09-13 13:26:43'),(135,2,5,'a','2023-09-13 13:28:18'),(136,2,5,'sa','2023-09-13 13:29:22'),(137,2,5,'s','2023-09-13 13:29:27'),(138,2,5,'ssssssssss','2023-09-13 13:29:29'),(139,2,5,'test','2023-09-13 13:31:35'),(140,2,5,'yeah','2023-09-13 13:35:17'),(141,2,5,'es','2023-09-13 14:30:04'),(142,16,2,'s','2023-12-02 04:34:24'),(143,16,2,'woi','2023-12-02 04:34:44'),(147,17,2,'a','2023-12-02 12:03:44'),(148,17,2,'b','2023-12-02 12:04:06'),(149,19,2,'hi','2023-12-02 12:04:11'),(150,19,2,'ye','2023-12-02 12:13:58'),(151,20,16,'s','2023-12-09 14:28:48'),(152,20,1,'asdsd','2023-12-16 12:13:30');
/*!40000 ALTER TABLE `messages` ENABLE KEYS */;
UNLOCK TABLES;

--
-- Table structure for table `participants`
--

DROP TABLE IF EXISTS `participants`;
/*!40101 SET @saved_cs_client     = @@character_set_client */;
/*!50503 SET character_set_client = utf8mb4 */;
CREATE TABLE `participants` (
  `id` int NOT NULL AUTO_INCREMENT,
  `room_id` int NOT NULL,
  `user_id` int NOT NULL,
  PRIMARY KEY (`id`),
  KEY `room_id` (`room_id`),
  KEY `user_id` (`user_id`),
  CONSTRAINT `participants_ibfk_1` FOREIGN KEY (`room_id`) REFERENCES `rooms` (`id`),
  CONSTRAINT `participants_ibfk_2` FOREIGN KEY (`user_id`) REFERENCES `users` (`id`)
) ENGINE=InnoDB AUTO_INCREMENT=37 DEFAULT CHARSET=utf8mb4 COLLATE=utf8mb4_unicode_ci;
/*!40101 SET character_set_client = @saved_cs_client */;

--
-- Dumping data for table `participants`
--

LOCK TABLES `participants` WRITE;
/*!40000 ALTER TABLE `participants` DISABLE KEYS */;
INSERT INTO `participants` VALUES (1,1,1),(2,1,3),(7,2,1),(8,2,5),(9,3,3),(10,3,6),(13,9,1),(14,9,2),(15,10,1),(16,10,6),(19,13,1),(20,13,4),(21,14,1),(22,14,7),(23,15,5),(24,15,7),(25,16,2),(26,16,3),(27,17,2),(28,17,4),(29,18,2),(30,18,5),(31,19,2),(32,19,6),(33,20,16),(34,20,1),(35,21,3),(36,21,5);
/*!40000 ALTER TABLE `participants` ENABLE KEYS */;
UNLOCK TABLES;

--
-- Table structure for table `rooms`
--

DROP TABLE IF EXISTS `rooms`;
/*!40101 SET @saved_cs_client     = @@character_set_client */;
/*!50503 SET character_set_client = utf8mb4 */;
CREATE TABLE `rooms` (
  `id` int NOT NULL AUTO_INCREMENT,
  `name` varchar(100) NOT NULL,
  `type` int NOT NULL,
  PRIMARY KEY (`id`)
) ENGINE=InnoDB AUTO_INCREMENT=22 DEFAULT CHARSET=utf8mb4 COLLATE=utf8mb4_0900_ai_ci;
/*!40101 SET character_set_client = @saved_cs_client */;

--
-- Dumping data for table `rooms`
--

LOCK TABLES `rooms` WRITE;
/*!40000 ALTER TABLE `rooms` DISABLE KEYS */;
INSERT INTO `rooms` VALUES (1,'room_alfa_charlie',1),(2,'room_alfa_echo',1),(3,'room_charlie_foxtrot',1),(9,'027a10ea8391ffe3ca2985ac874d6aaa',1),(10,'5c214626c579db07bc4e9f7d504d0888',1),(12,'9e190c37886d8b20a9fedddb7cfa0db7',1),(13,'032486123553579b43b4e69878be8f22',1),(14,'455bc8cb8a8c3d0a63cd0507dbea4d83',1),(15,'0226e3e5c9da4cbd5c340839626d798e',1),(16,'9a6ff77c37ff8dde5027328589f512e4',1),(17,'a391a3a083263f8793b14d7eef3d9650',1),(18,'4e7f8970ecffb9ad247c25133c453c34',1),(19,'f2d2dfc7c64b53321b0c8c70cddfd62d',1),(20,'914b5eb12fb73910227c5b5ffe9e102b',1),(21,'4f4859171ddc6b5c8fb07faa06ef1ed7',1);
/*!40000 ALTER TABLE `rooms` ENABLE KEYS */;
UNLOCK TABLES;

--
-- Table structure for table `users`
--

DROP TABLE IF EXISTS `users`;
/*!40101 SET @saved_cs_client     = @@character_set_client */;
/*!50503 SET character_set_client = utf8mb4 */;
CREATE TABLE `users` (
  `id` int NOT NULL AUTO_INCREMENT,
  `name` varchar(255) NOT NULL,
  `email` varchar(255) NOT NULL,
  `password` varchar(255) NOT NULL,
  `avatar` varchar(255) DEFAULT NULL,
  `created_at` timestamp NOT NULL DEFAULT CURRENT_TIMESTAMP,
  PRIMARY KEY (`id`),
  UNIQUE KEY `email_UNIQUE` (`email`)
) ENGINE=InnoDB AUTO_INCREMENT=17 DEFAULT CHARSET=utf8mb4 COLLATE=utf8mb4_0900_ai_ci;
/*!40101 SET character_set_client = @saved_cs_client */;

--
-- Dumping data for table `users`
--

LOCK TABLES `users` WRITE;
/*!40000 ALTER TABLE `users` DISABLE KEYS */;
INSERT INTO `users` VALUES (1,'Alfa AAA','alfa@mail.com','$2a$10$CX5n7UKezQFeTyd0uyJDFeBtS2zISuU4MQWqdPq.2WpomFiNT79c6','default/1.png','2023-08-26 06:42:36'),(2,'Bravo BBB','bravo@mail.com','$2a$10$CX5n7UKezQFeTyd0uyJDFeBtS2zISuU4MQWqdPq.2WpomFiNT79c6','default/1.png','2023-08-26 06:42:36'),(3,'Charlie CCC','charlie@mail.com','$2a$10$9aMOY.FMdVr8k4jVhU6N4eFv53Ewc76Sshv9Ose5OEs8n8SnYarhq','default/1.png','2023-08-26 06:42:36'),(4,'Delta DDD','delta@mail.com','$2a$10$FNhtegE.GN/LgMST1lC9h.WRua6Iy8ZLu.sfBATIkW.6PupTKkFgK','default/1.png','2023-08-26 06:42:36'),(5,'Echo EEE','echo@mail.com','$2a$10$EqX0qGOcI6/whov7Ep/XBeXtho5hJRZPyk5eijOyS3eQF4Jv0FrmG','default/2.png','2023-08-26 08:48:25'),(6,'Foxtrot Fff','foxtrot@mail.com','$2a$10$DvF7cRusvEEVD1SVja5Tnun3SFq/Otf.iUtgKbkycOtTlFeoaEDhy','316619635bd911e9215d45f1592d9cf2.png','2023-08-27 05:58:36'),(7,'Jana Potter','dehozodyr@mail.com','$2a$10$c1p1MBJ8KKtD1HPJCjlp9.kcWNMz193HDlCCQfjwKDqVXlGhCHfL.','default/1.png','2023-08-27 11:39:16'),(8,'Odysseus Sosa','odysseus.sosa@mail.com','$2a$10$pthP.vnBZEX4YfFtanRevOfTmyGsLcdjcSlbDcABPRCNIVwM4/HGy','default/.gitignore','2023-12-02 15:01:17'),(9,'India Welch','india.welch@mail.com','$2a$10$vuBm4SDSQe6/Ogn5L7ZgB.HVl1dPSJJGg1duDzkXiea4XQRV2eQte','default/2.png','2023-12-02 15:15:18'),(10,'Tanya Stevens','tanya.stevens@mail.com','$2a$10$7Dv.yCweLvZIk2jDCRf5/uRH8QC0drJeQAnxPr58E2rrkz1KPcyTO','default/2.png','2023-12-02 15:15:54'),(11,'Kay Brown','kay.brown@mail.com','$2a$10$5zGBGHkcv7TwAsqXMLQXXe6epLRsvU3VZ0XDkppfxA3nxtOO..gAO','default/2.png','2023-12-02 15:16:27'),(12,'Keaton Swanson','keaton.swanson@mail.com','$2a$10$/oJQFTaH5p0NFQGJ9y9pE.9lUP7PncqhpDbp8Vwv9QoNJUrMBfEP2','default/0.jpg','2023-12-02 15:16:55'),(13,'Hop Sandoval','hop.sandoval@mail.com','$2a$10$J/Kxst6/PHK7s0peqte9MuPUBvHrINMch1yMtQGIgg2R3NJHFysom','d4d6b2bdcaab1b3aa3b6ee006d1d251c.png','2023-12-02 15:18:31'),(14,'Breanna Delacruz','breanna.delacruz@mail.com','$2a$10$ZEvNFW.hOOZhM.dHun7jZuHRwWqdyMWoA4vF6CfL77G1kj4A4Ky4.','default/2.png','2023-12-02 15:19:25'),(15,'Abdul Bright','abdul.bright@mail.com','$2a$10$CJixZRS49/fzg4MHfYJt9u4oicEQ5TkdsM9AV8hp.DSMsb/cUx0bq','7d9d5ac89bb895bc530b1a2d35c8e955.png','2023-12-02 15:30:25'),(16,'Daquan Cardenas','daquan.cardenas@mail.com','$2a$10$M64Uw9Zyx3kT9J1/b5CS7OveLPJmbetZj1me86kPBQ94cxuNMDCY.','default/2.png','2023-12-09 14:28:08');
/*!40000 ALTER TABLE `users` ENABLE KEYS */;
UNLOCK TABLES;
/*!40103 SET TIME_ZONE=@OLD_TIME_ZONE */;

/*!40101 SET SQL_MODE=@OLD_SQL_MODE */;
/*!40014 SET FOREIGN_KEY_CHECKS=@OLD_FOREIGN_KEY_CHECKS */;
/*!40014 SET UNIQUE_CHECKS=@OLD_UNIQUE_CHECKS */;
/*!40101 SET CHARACTER_SET_CLIENT=@OLD_CHARACTER_SET_CLIENT */;
/*!40101 SET CHARACTER_SET_RESULTS=@OLD_CHARACTER_SET_RESULTS */;
/*!40101 SET COLLATION_CONNECTION=@OLD_COLLATION_CONNECTION */;
/*!40111 SET SQL_NOTES=@OLD_SQL_NOTES */;

-- Dump completed on 2023-12-16 21:44:36
